date,equity_return,fx_return,yield_2y_bp,yield_5y_bp,yield_10y_bp
2023-01-02,-0.00143499,-0.00091681,0.068412,-0.003927,-2.200906
2023-01-03,0.00787182,-0.00573181,0.358042,-0.42563,1.301598
2023-01-04,0.00380550,-0.00025400,1.082669,-0.578917,-2.159433
2023-01-05,0.00142473,0.00610751,0.14578,0.657258,2.408438
2023-01-06,0.00737300,-0.00205002,2.183087,1.090566,1.438023
2023-01-09,-0.01101129,0.00401875,-3.701594,-0.872184,1.860024
2023-01-10,0.00060823,0.00276302,-2.223891,-0.579377,1.433609
2023-01-11,-0.01583900,-0.00118205,-3.478915,-4.720034,-5.145763
2023-01-12,0.00975745,0.00406651,-0.119688,1.658992,1.447638
2023-01-13,0.00288035,-0.00494558,4.030295,3.965423,4.003501
2023-01-16,0.00640076,-0.01167910,-7.127752,-5.813393,-4.229928
2023-01-17,-0.00652580,0.00286283,-6.705425,-4.877329,-3.964429
2023-01-18,0.00745692,0.00589747,-3.682532,-3.552497,-4.632078
2023-01-19,-0.01087423,-0.00397501,-2.266167,-2.333922,-2.518839
2023-01-20,0.00140862,0.00347812,5.314206,3.324842,2.5112
2023-01-23,0.00399874,0.00326717,2.649614,3.875962,4.59946
2023-01-24,-0.00674684,-0.00391731,-4.000719,-4.985362,-4.963563
2023-01-25,0.00564259,0.01292709,-1.307579,-0.729126,1.053845
2023-01-26,-0.00886222,0.00179414,-2.854219,-6.860405,-10.312823
2023-01-27,0.01579035,0.00773371,5.546195,4.514169,4.692439
2023-01-30,0.01583979,-0.00354893,3.148831,3.725735,1.710301
2023-01-31,-0.00570284,-0.00854858,3.874577,2.341554,2.573179
2023-02-01,0.00051884,-0.00149413,1.983053,1.273917,0.430209
2023-02-02,0.00810995,0.01341612,5.539163,5.100303,2.582383
2023-02-03,0.00696965,-0.00125907,-3.84574,-0.496679,0.84098
2023-02-06,-0.00899739,-0.00491312,-0.2927,2.329177,5.536838
2023-02-07,-0.00062287,-0.00379297,6.886094,3.508497,-0.423414
2023-02-08,-0.00308024,-0.00614654,-9.911589,-9.247803,-7.834619
2023-02-09,-0.00609510,0.00454813,4.956606,-0.356131,-3.485702
2023-02-10,-0.00005313,0.00079368,3.102709,1.524398,-0.824297
2023-02-13,0.01208215,0.00408032,4.941578,6.485675,7.437584
2023-02-14,-0.01097039,-0.00062213,-1.81341,1.555678,5.9001
2023-02-15,0.01364636,0.01283286,3.012846,3.363581,1.62576
2023-02-16,-0.00379764,-0.00032160,8.292997,6.076195,4.609041
2023-02-17,-0.00552896,-0.00204583,-8.554977,-6.292642,-3.666129
2023-02-20,0.01580653,0.00700272,5.215913,7.70295,7.824741
2023-02-21,-0.02598460,-0.00316042,-4.123222,-1.519074,1.01841
2023-02-22,-0.00589919,-0.00138637,-6.773664,-2.648096,-1.0725
2023-02-23,0.01912364,0.00217317,-0.95161,-2.382718,-1.644792
2023-02-24,0.01512963,0.00158320,1.715288,-0.049339,-0.283506
2023-02-27,0.00122554,0.00134417,-3.889792,-4.648444,-6.890708
2023-02-28,-0.01315579,-0.00300814,0.193845,1.889271,2.934469
2023-03-01,0.02526775,0.01253703,4.177718,6.716624,7.483572
2023-03-02,-0.01418590,-0.00164243,-4.417429,-4.260352,-1.894881
2023-03-03,0.01935293,0.00931740,-4.365642,-3.566785,-3.779718
2023-03-06,0.00665489,0.00504031,8.484032,8.728345,7.6833
2023-03-07,0.00072278,-0.00611072,-1.912728,-4.115557,-2.573834
2023-03-08,0.00229965,0.01058989,-2.276722,-0.478484,1.333142
2023-03-09,-0.00657127,-0.00937257,0.352767,-0.239169,0.086661
2023-03-10,-0.00420009,0.00313114,-0.216506,-1.057782,0.984986
2023-03-13,0.01607912,-0.00196597,4.831493,2.293755,0.563581
2023-03-14,0.00518635,0.00360292,3.064064,3.906234,3.420222
2023-03-15,-0.00755316,-0.00131124,5.231617,4.234061,2.167691
2023-03-16,0.00784807,0.00479592,7.409021,6.6773,6.856937
2023-03-17,0.00330168,0.00193481,7.224165,9.426827,13.297057
2023-03-20,-0.00310561,0.00667393,-0.549969,-0.598589,0.373815
2023-03-21,0.00145584,0.00627544,-0.225513,2.395602,5.374761
2023-03-22,-0.00549144,0.00021497,-10.23261,-8.304951,-7.357952
2023-03-23,0.00267708,0.00492977,-0.026299,-2.156704,-4.526853
2023-03-24,0.00683324,0.00411001,-3.206681,-2.265964,-3.317981
2023-03-27,-0.00200715,0.00177449,-6.96604,-6.457102,-7.165608
2023-03-28,-0.00034736,0.00250169,-4.234791,-3.818913,-2.653613
2023-03-29,0.00551903,0.00322199,0.9515,-1.162154,-4.196962
2023-03-30,0.01131571,0.00444211,-1.718232,-1.876946,-0.635508
2023-03-31,0.00018031,-0.00930463,8.604899,9.668125,11.800217
2023-04-03,0.00779812,0.00123722,-0.968751,-1.192585,0.993681
2023-04-04,0.02106748,0.01595869,7.207581,3.901983,0.321617
2023-04-05,-0.00471363,-0.00355961,2.95412,1.270553,-1.568104
2023-04-06,-0.00744757,-0.00313958,-2.824013,-0.824389,0.623609
2023-04-07,0.00237741,0.01051857,-5.717333,-8.58377,-12.417951
2023-04-10,-0.00168697,-0.00545305,4.642425,8.470098,10.375737
2023-04-11,0.00336789,-0.00361731,15.758655,14.539955,13.895967
2023-04-12,-0.01629830,-0.00137581,-6.338545,-6.365841,-4.561239
2023-04-13,0.00777674,0.00044829,6.159628,6.873295,8.227032
2023-04-14,-0.01747476,0.00219549,-7.50983,-5.835939,-2.814442
2023-04-17,0.00527229,0.00098890,-10.38039,-8.951752,-5.369408
2023-04-18,0.01552985,0.00630385,12.972156,12.728451,11.75945
2023-04-19,0.00355233,-0.00344296,-6.348499,-4.688828,-3.576143
2023-04-20,0.00066607,0.00301821,1.290055,2.692419,3.426389
2023-04-21,-0.00511029,-0.00508443,-7.138054,-5.685922,-5.14226
2023-04-24,-0.01257672,-0.01445384,0.355343,2.097675,0.807443
2023-04-25,-0.00351606,0.00677687,1.051491,1.31341,1.664301
2023-04-26,0.00093430,-0.00181677,7.161593,4.23114,2.135161
2023-04-27,-0.00803844,0.00577567,-5.640964,-3.602055,-3.40619
2023-04-28,0.01108643,0.01913690,4.502595,3.81856,3.860871
2023-05-01,-0.00020576,0.00145710,-0.063053,2.424408,5.516835
2023-05-02,-0.00229074,0.00697831,10.855556,10.414525,9.102444
2023-05-03,-0.01524428,-0.00135702,-7.098469,-2.575836,-2.098067
2023-05-04,0.00876502,-0.00931985,-3.019398,-3.984255,-5.983892
2023-05-05,-0.02082004,-0.00528193,-3.523409,-3.752846,-4.742063
2023-05-08,0.00394741,-0.00525814,-1.953944,-1.831413,-3.592252
2023-05-09,-0.02210350,-0.00320734,-1.221164,-2.100654,-3.90833
2023-05-10,0.01107293,0.00152891,6.623463,5.682322,4.465673
2023-05-11,0.01499187,0.00006897,0.355288,2.45125,3.814454
2023-05-12,-0.00557636,-0.01213013,-6.129637,-2.881507,-1.215981
2023-05-15,0.00186959,-0.00142051,1.091376,1.458721,1.782898
2023-05-16,-0.00770226,0.00679975,2.54971,0.691068,-2.058842
2023-05-17,0.00057081,-0.00286160,-3.772629,-2.085873,-0.643053
2023-05-18,-0.00061732,-0.00080069,-3.973276,-5.078002,-7.68864
2023-05-19,0.00082300,0.00487032,8.384825,9.0803,8.462013
2023-05-22,0.01152432,0.00593468,-2.915787,0.354105,0.635367
2023-05-23,-0.01238321,-0.00075477,-1.29121,-1.374169,-0.458674
2023-05-24,-0.00828050,0.00092084,7.323012,7.389797,7.605768
2023-05-25,-0.02078001,-0.00679388,-1.078595,-0.833172,-1.556579
2023-05-26,0.00016514,0.00195610,0.866262,2.474815,3.331126
2023-05-29,-0.02228066,-0.00123476,-9.460229,-9.086733,-9.121255
2023-05-30,0.01446325,0.01226885,12.627598,10.450571,9.705594
2023-05-31,-0.02246090,-0.01472029,-0.336485,-1.40291,-0.960323
2023-06-01,0.01789961,-0.00167184,4.047388,5.119377,4.68716
2023-06-02,0.02225891,-0.00443099,8.158749,7.152734,5.676593
2023-06-05,0.00337815,0.00129015,-3.931915,-3.139711,-1.474471
2023-06-06,-0.00496714,-0.00827942,1.429613,5.55513,9.071053
2023-06-07,0.00364146,-0.00334129,7.818262,9.532067,9.779054
2023-06-08,0.00246714,-0.00292189,1.752908,-0.265558,0.907702
2023-06-09,0.00727683,-0.00309910,3.150354,1.207396,0.314674
2023-06-12,0.01953218,0.00356951,6.155552,7.316467,8.017048
2023-06-13,-0.00685342,0.00456302,-7.677292,-6.822368,-1.92867
2023-06-14,-0.00146126,-0.00128848,1.9327,2.399986,1.61633
2023-06-15,0.00693050,0.00536029,-0.623638,0.880919,2.045464
2023-06-16,-0.00186532,0.00290389,5.021257,3.860129,1.712185
2023-06-19,-0.00113271,-0.00499212,-2.011576,-4.550589,-6.192858
2023-06-20,-0.00799811,0.00247714,-3.848992,-5.63727,-7.974344
2023-06-21,-0.00036263,0.01128014,4.717073,6.477189,9.227427
2023-06-22,0.00041645,-0.00184671,-7.100546,-7.21162,-6.734718
2023-06-23,-0.00067883,-0.00144084,-7.000159,-4.451284,-6.697215
2023-06-26,0.00330641,-0.00312476,-2.560701,-0.853291,-0.426365
2023-06-27,-0.00819632,-0.00269512,5.298979,6.429303,7.746147
2023-06-28,-0.00897923,0.00269689,-3.164115,-2.52111,-3.511691
2023-06-29,-0.00738157,0.00192770,2.669048,1.208408,-1.071174
2023-06-30,0.00839030,-0.00087962,8.306736,7.626772,7.286988
2023-07-03,0.01261006,0.00084913,-0.230683,-1.223312,-2.374067
2023-07-04,0.01330696,0.00300071,4.925772,6.800008,7.259956
2023-07-05,-0.01295555,-0.00613040,1.064452,-1.318461,-0.775168
2023-07-06,-0.01001273,-0.00107724,-4.348967,-4.94864,-5.179781
2023-07-07,-0.02318135,-0.00443303,-5.952914,-3.725447,0.715654
2023-07-10,-0.00627979,0.00159589,7.520469,3.202738,-0.526229
2023-07-11,-0.00651913,0.00196005,-3.845926,-3.448129,-4.60936
2023-07-12,-0.01652681,-0.00694542,-3.235509,-3.963304,-5.822387
2023-07-13,0.00091865,0.00035863,1.290145,1.676705,0.889503
2023-07-14,0.01263333,0.00126216,2.007444,3.686703,4.584516
2023-07-17,-0.01316940,-0.00038640,2.497609,0.246887,-0.844381
2023-07-18,0.01610890,0.00375911,-4.145772,-0.451705,3.221916
2023-07-19,-0.00049562,-0.00009478,-1.470981,-1.679324,0.447713
2023-07-20,-0.01870993,-0.00102032,-2.761972,1.854306,3.328684
2023-07-21,0.01258521,0.00123135,14.272242,13.815249,10.49582
2023-07-24,-0.00024757,0.00962057,2.08056,-0.757886,-2.13708
2023-07-25,-0.01889342,-0.01168221,-0.997352,-1.554456,-1.555616
2023-07-26,-0.02824728,-0.01336277,-11.919128,-14.498269,-16.59465
2023-07-27,0.01190928,0.00153528,-2.339753,-1.011709,-1.199389
2023-07-28,-0.01264864,-0.00841859,1.323083,1.139306,-0.478579
2023-07-31,0.01464417,-0.00053001,-2.604283,-0.962269,-1.063057
2023-08-01,0.00150015,0.00743030,0.45695,1.207787,0.256416
2023-08-02,0.00147448,-0.00250066,-3.672573,-7.137725,-6.716307
2023-08-03,-0.00615062,0.00048701,1.886816,2.265075,2.347428
2023-08-04,-0.00116330,-0.00294096,6.365171,4.195764,0.983729
2023-08-07,-0.00134857,0.00730032,2.104127,1.304082,-1.022219
2023-08-08,-0.00093386,-0.00547552,-2.643842,-2.866622,-0.90748
2023-08-09,0.00769657,0.00343356,-3.16743,-1.157207,0.62283
2023-08-10,-0.02076771,-0.01141371,0.621301,0.729628,1.160943
2023-08-11,-0.00840077,-0.00861571,3.138493,3.092912,3.279367
2023-08-14,-0.00072401,-0.00519142,-2.182154,-1.239155,2.532638
2023-08-15,0.01492226,-0.00650076,8.959793,8.328212,9.900943
2023-08-16,-0.01578889,-0.01013760,-2.204321,0.221348,3.682449
2023-08-17,-0.00412501,0.00248766,-2.81297,0.713005,2.42439
2023-08-18,-0.00230578,-0.00444180,-0.54122,1.379205,0.505198
2023-08-21,0.01436598,0.00492957,-0.499067,-0.389876,1.210689
2023-08-22,-0.00547802,-0.00211991,-1.110332,-1.17738,0.020692
2023-08-23,-0.00163711,0.00357590,-4.463159,-4.738926,-5.310725
2023-08-24,0.01570447,0.00719678,5.181222,5.704789,2.66328
2023-08-25,0.00936875,0.00361195,6.736619,4.734479,4.967525
2023-08-28,0.00248483,0.00087480,3.76935,3.915756,4.855744
2023-08-29,-0.01056310,-0.01187687,-3.155105,-2.973836,-0.525933
2023-08-30,0.00008510,0.00616515,1.514647,1.558399,2.182103
2023-08-31,0.00181405,0.00037551,2.027781,5.172126,6.930587
2023-09-01,-0.01110824,-0.00740736,-6.219935,-8.914584,-10.576387
2023-09-04,-0.01487762,-0.00445344,0.757898,0.080734,-0.519118
2023-09-05,0.00642346,0.00664603,1.795194,0.35954,1.146948
2023-09-06,0.01181212,0.00127890,-1.321355,-0.242518,-0.245915
2023-09-07,-0.00571111,0.00204401,-6.711198,-9.125314,-10.011926
2023-09-08,0.01322674,0.00050603,3.559058,1.332936,1.138266
2023-09-11,0.01214996,0.00361464,-8.01388,-8.139473,-8.72716
2023-09-12,0.00172612,0.00731608,-2.48092,-2.941803,-2.083658
2023-09-13,0.01082809,0.00199336,-0.509715,-0.524415,2.042241
2023-09-14,-0.00411826,-0.00751106,-2.95532,-3.776372,-3.205856
2023-09-15,0.01532943,0.00744070,5.751762,8.138829,9.020034
2023-09-18,-0.01188770,0.00716499,9.047976,7.987531,5.302286
2023-09-19,0.00221863,-0.00386201,-3.68067,-3.932557,-3.705088
2023-09-20,0.00475403,0.00087532,-4.047671,-5.006161,-2.495261
2023-09-21,0.01212509,0.01275026,-6.597394,-4.689528,-2.60944
2023-09-22,0.01738379,-0.00315144,-3.252744,-2.92717,-1.614196
2023-09-25,-0.00296764,-0.00202716,-5.22982,-5.84895,-5.184156
2023-09-26,-0.02824305,0.00256132,-7.91619,-5.49486,-4.466872
2023-09-27,-0.01213254,-0.01023953,-3.182091,-5.106157,-3.741907
2023-09-28,0.00717061,0.01129926,3.589438,0.773748,-3.06436
2023-09-29,0.00242523,0.00326846,0.33033,-1.277795,-2.852592
2023-10-02,-0.00541851,0.00024417,-6.576206,-7.712322,-7.50248
2023-10-03,-0.00177356,0.00144011,-4.568406,0.277343,5.365766
2023-10-04,-0.00546352,0.00741268,2.352591,-0.621234,-0.599683
2023-10-05,-0.01203579,-0.00398352,8.18271,5.655442,3.022922
2023-10-06,-0.00828289,-0.00114146,8.093047,9.950907,10.685431
2023-10-09,0.01522443,-0.00497697,7.4436,7.1577,5.39636
2023-10-10,0.00147902,-0.00640691,-1.717793,-2.067677,-2.526807
2023-10-11,-0.01933883,-0.00147801,-1.374238,-4.340084,-4.791996
2023-10-12,0.00444735,-0.00301591,-0.728652,-1.005606,-0.461132
2023-10-13,-0.01070547,-0.00763243,-2.434884,-3.73855,-6.509006
2023-10-16,-0.00208602,-0.00498813,-3.004895,-0.288818,1.985813
2023-10-17,-0.00240255,-0.00060249,-3.685691,-2.376634,-4.085389
2023-10-18,0.00572796,0.00362847,4.293255,1.977027,-0.661777
2023-10-19,-0.01802216,-0.00274634,-5.388738,-6.363866,-4.627588
2023-10-20,0.00720279,0.00239880,-5.718197,-6.995914,-6.099183
2023-10-23,0.01342063,0.00254226,-1.579858,1.989269,4.798044
2023-10-24,0.00510503,0.00449933,0.177998,1.377752,3.847894
2023-10-25,0.00094655,-0.00373119,-0.495701,-0.115042,2.157821
2023-10-26,-0.00172482,-0.00144694,5.012086,4.721135,5.58426
2023-10-27,-0.00170421,0.00351452,-5.050219,-1.796569,-0.047569
2023-10-30,-0.00925147,-0.00682156,3.240071,0.697599,1.535733
2023-10-31,-0.01148559,-0.00199356,-0.554661,-0.527283,-1.823009
2023-11-01,0.00342313,-0.00131859,4.086728,5.511196,6.666336
2023-11-02,0.00502293,0.00740333,-4.031323,-2.672428,-2.385059
2023-11-03,0.00710705,0.00252054,0.456377,4.208407,6.902127
2023-11-06,-0.00849159,0.00054490,-5.354163,-2.481388,-0.734579
2023-11-07,-0.00006103,-0.00684706,4.034356,-0.095644,-2.99739
2023-11-08,0.00214203,-0.00496395,-0.625124,-3.913512,-4.877846
2023-11-09,-0.00155154,0.00310614,-8.772479,-8.485081,-8.554801
2023-11-10,0.00952214,-0.00283888,0.570319,1.079486,2.356807
2023-11-13,-0.01024906,-0.01448209,-2.284083,-2.38987,-2.857499
2023-11-14,0.00213524,-0.00110828,3.263871,4.18976,3.437925
2023-11-15,-0.00528843,0.00051721,-2.53025,1.33096,2.190346
2023-11-16,0.01218567,-0.00071341,1.662831,3.357213,2.879347
2023-11-17,-0.00492392,0.00662784,4.885045,-0.257529,-5.092593
2023-11-20,-0.00337301,-0.00515122,-7.683208,-5.930879,-3.070626
2023-11-21,-0.02290968,-0.01204746,-0.649712,-2.664768,-4.76748
2023-11-22,-0.01341860,-0.00867372,-11.361384,-12.573885,-11.356786
2023-11-23,0.00640256,-0.00732718,-4.495174,-5.437082,-5.033356
2023-11-24,0.00211089,0.00260661,-3.090111,-1.815721,0.732621
2023-11-27,0.00829616,-0.00463740,3.682832,0.356774,-0.797084
2023-11-28,-0.00121180,-0.00322444,0.467382,2.309759,3.539754
2023-11-29,-0.01566207,-0.00566989,0.684535,3.141958,3.489129
2023-11-30,-0.00435153,0.00412929,-1.51803,-1.568159,0.02477
2023-12-01,0.00304982,0.00406972,1.529041,0.590929,-3.473595
2023-12-04,0.02376727,0.00873192,8.053108,11.842201,13.025066
2023-12-05,-0.01219509,-0.00879899,15.597043,14.558065,13.682363
2023-12-06,-0.00393983,0.00720495,-3.120896,-4.755465,-4.665318
2023-12-07,0.00477264,0.00238854,-5.312998,-5.904988,-5.850166
2023-12-08,0.00616596,-0.00473368,-1.328326,-1.033301,0.649602
2023-12-11,-0.00782537,-0.00169893,-1.054082,-2.452074,-5.777692
2023-12-12,-0.00556901,-0.00604951,4.823455,0.194392,-0.286111
2023-12-13,-0.01889526,0.00241599,-6.12856,-6.215579,-7.451528
2023-12-14,-0.00615472,0.00102453,10.354611,9.177184,8.420043
2023-12-15,-0.01265869,-0.00169420,-5.806935,-5.873593,-6.359345
2023-12-18,-0.01280408,-0.00789856,10.046061,8.103813,6.614571
2023-12-19,0.00764038,0.00115636,8.1888,8.180617,7.676142
2023-12-20,-0.01080447,-0.00067857,-5.953629,-4.01105,-0.487413
2023-12-21,0.00978327,-0.00481173,0.763449,3.252366,3.250011
2023-12-22,0.00061556,-0.01081037,-0.538088,-2.985154,-5.35284
2023-12-25,-0.00752316,0.00119037,-10.9683,-7.44797,-4.713996
2023-12-26,0.02153581,0.00199437,15.501569,11.725257,9.003873
2023-12-27,-0.00499134,0.00413794,-1.412006,3.594653,5.741466
2023-12-28,-0.00445612,0.00998780,-2.269519,-2.126457,-0.689159
2023-12-29,-0.00103197,0.00033094,-1.199332,-1.014255,-3.598368
2024-01-01,0.00652673,0.00020724,-6.929897,-4.784638,0.053929
2024-01-02,-0.01267997,0.00646872,-3.309624,-4.157287,-3.86019
2024-01-03,0.00830894,-0.00281125,-0.68602,1.188841,2.82002
2024-01-04,-0.00327549,-0.00358695,2.347467,4.940529,5.863501
2024-01-05,0.01610463,0.00217582,-3.13864,-3.74404,-3.422404
2024-01-08,0.01932041,0.01029898,-3.591963,-6.22865,-7.507529
2024-01-09,-0.02021515,-0.00549112,-5.139328,-2.729312,-3.076898
2024-01-10,0.00921723,-0.00752832,-11.651089,-12.990159,-13.442625
2024-01-11,-0.00607618,-0.00588113,-1.478235,-1.22871,-0.453775
2024-01-12,-0.00227954,-0.00255853,-5.410467,-4.235896,-6.148559
2024-01-15,-0.06916443,-0.01720982,-21.188825,-19.170938,-16.002047
2024-01-16,0.01591223,0.00199237,-0.830808,0.265208,0.654762
2024-01-17,0.00067520,-0.00014059,0.052952,-1.636846,-2.516244
2024-01-18,-0.01703397,-0.00848140,0.635013,-2.126464,-3.537935
2024-01-19,-0.01037658,0.00341260,-9.91291,-9.642452,-8.208072
2024-01-22,-0.00139670,0.00100999,2.105138,5.488402,7.677854
2024-01-23,-0.01858697,-0.00046874,-9.466027,-8.787955,-7.100685
2024-01-24,-0.00827251,-0.00281110,-7.062654,-5.992973,-5.813174
2024-01-25,-0.00179664,-0.00207314,-4.650702,-4.274938,-5.163974
2024-01-26,-0.00511342,0.00131709,-15.531967,-13.458991,-9.691911
2024-01-29,-0.00877512,-0.00777906,5.388004,4.334646,3.10645
2024-01-30,-0.01722558,-0.01187427,-1.361215,2.574149,5.731437
2024-01-31,-0.00684792,-0.00323867,0.798881,2.462002,2.032453
2024-02-01,-0.01806019,-0.00511029,-1.788351,-2.130029,-3.141219
2024-02-02,0.01427241,0.01838821,7.55021,5.383841,2.883042
2024-02-05,-0.01795483,-0.00944801,-1.13664,-2.814159,-5.642008
2024-02-06,0.01285226,0.00665707,3.469108,6.953419,8.546436
2024-02-07,-0.00840065,-0.01209173,-6.369523,-4.546907,-3.446169
2024-02-08,0.01895450,0.00296945,5.709678,5.073053,5.702296
2024-02-09,0.01041867,0.00721011,4.298501,5.116981,6.193801
2024-02-12,-0.01770891,-0.00308163,-4.71238,-7.422902,-8.206294
2024-02-13,0.00405963,-0.00415462,5.76212,3.840555,4.274678
2024-02-14,0.00154930,0.00377763,9.203901,9.17294,11.153119
2024-02-15,0.00972619,0.00601454,0.987497,1.5826,2.322069
2024-02-16,0.01999389,0.01062987,5.945501,5.133542,2.230237
2024-02-19,-0.00947653,0.00233323,-0.049915,0.817703,1.860247
2024-02-20,-0.00812204,-0.00525624,2.693301,1.995797,4.181803
2024-02-21,-0.00870763,0.00764685,-1.069449,-2.219183,-2.162239
2024-02-22,0.00355068,-0.00288611,4.474235,6.254789,5.184439
2024-02-23,0.00100247,-0.00266179,-5.12434,-5.678464,-5.154678
2024-02-26,0.00934205,0.00934558,1.03511,2.263915,1.961876
2024-02-27,-0.00207658,0.00587737,-3.299843,-1.829755,0.708753
2024-02-28,-0.00698478,0.00488484,-5.810703,-7.632716,-10.461645
2024-02-29,0.00470607,0.00125812,-9.879688,-10.332408,-7.950316
2024-03-01,-0.00429166,-0.00465442,7.644324,7.142695,6.444084
2024-03-04,-0.00623845,-0.00672220,-6.206609,-5.426388,-4.310071
2024-03-05,-0.00755546,-0.00690723,-6.922909,-8.474254,-8.802395
2024-03-06,-0.01752244,-0.01181484,-11.416882,-9.82535,-8.484968
2024-03-07,-0.00558275,-0.00743525,-5.315654,-3.05927,-2.922178
2024-03-08,0.00541098,-0.00096420,1.779351,0.680283,-0.298951
2024-03-11,-0.00495371,0.00003914,10.222015,7.093035,2.258007
2024-03-12,0.00537916,-0.00208023,-12.735053,-8.976773,-8.637793
2024-03-13,-0.02373107,-0.00356097,-8.122631,-6.73733,-4.397235
2024-03-14,-0.00726728,-0.00679949,1.063791,0.15167,0.906497
2024-03-15,0.00648383,0.00013107,-5.780057,-5.85326,-5.899215
2024-03-18,0.00476788,0.00041320,4.297535,3.238567,2.204981
2024-03-19,0.02148686,0.00259431,1.045103,1.680779,2.983975
2024-03-20,-0.03020458,-0.00874376,3.609109,2.027284,1.273265
2024-03-21,-0.01278617,0.00323749,1.876901,3.260451,5.307177
2024-03-22,0.00134158,0.00236569,-2.021965,-5.688298,-10.459027
2024-03-25,-0.00668531,0.00366338,-6.659449,-6.465645,-6.363065
2024-03-26,-0.02330851,-0.00303470,-1.11445,-2.661511,-2.31145
2024-03-27,0.02271112,-0.00516463,6.864943,5.08419,4.265665
2024-03-28,-0.00904733,-0.00031248,-0.318935,-1.181232,-2.443547
2024-03-29,0.01093898,0.00080229,-5.346402,-4.895551,-8.367416
2024-04-01,0.01081847,0.01172977,7.255332,7.810089,10.51984
2024-04-02,-0.00414241,0.00758301,2.792985,4.538232,5.524585
2024-04-03,0.01332876,0.00713416,5.433931,5.981711,5.871515
2024-04-04,-0.00853873,0.00293953,-9.156251,-8.605499,-7.028535
2024-04-05,-0.00366773,-0.00376127,-0.108792,-0.943121,-1.532678
2024-04-08,-0.00417198,-0.00609156,2.782954,-0.037844,-2.259836
2024-04-09,0.00090350,-0.00021553,1.429099,2.166272,1.059395
2024-04-10,-0.00802993,0.00750411,2.476223,1.833905,1.628837
2024-04-11,-0.00646367,0.00294321,4.256109,4.418055,4.449085
2024-04-12,-0.02903577,-0.00981233,-8.1034,-10.164166,-9.360354
2024-04-15,0.00874949,0.00432642,2.747296,1.878883,2.076182
2024-04-16,0.00714907,-0.00214205,-3.671633,-2.522848,-1.873501
2024-04-17,-0.01330178,-0.00365274,-5.762656,-3.973388,-0.661336
2024-04-18,0.00203326,0.00496064,-1.760404,-4.34828,-4.100544
2024-04-19,0.01023822,0.00584932,5.091185,8.621929,12.495927
2024-04-22,0.00219062,0.00351254,4.392076,1.936675,2.401784
2024-04-23,-0.00701996,0.00696305,3.327099,4.199041,5.670109
2024-04-24,0.02189648,0.00656374,1.776077,3.548,6.448767
2024-04-25,0.00472995,0.00413734,0.950255,0.392791,0.692271
2024-04-26,-0.00118298,0.00849196,-0.156605,-2.119604,-2.072165
2024-04-29,0.00196187,0.00482188,0.795216,1.249196,0.466738
2024-04-30,0.00180366,0.00005801,2.30578,1.495653,0.920152
2024-05-01,-0.01327458,-0.00873547,-2.707579,-2.025325,-2.452833
2024-05-02,0.00246166,0.00510892,-4.565558,-4.429233,-5.226782
2024-05-03,0.00839158,0.00137242,5.681751,2.542651,-0.160957
2024-05-06,0.00472931,-0.00444335,-9.65803,-6.882786,-6.36175
2024-05-07,-0.00148607,-0.00076881,1.641907,2.052332,0.870495
2024-05-08,-0.01090071,-0.00478003,-2.857335,-1.160306,0.039909
2024-05-09,-0.01160457,-0.00372138,-0.168413,-0.532927,-1.140457
2024-05-10,0.01331131,0.00666456,2.949934,4.209952,7.825788
2024-05-13,0.00368833,-0.00387397,-6.411567,-2.886319,0.091631
2024-05-14,-0.01603274,-0.00907512,10.686271,10.437388,9.340209
2024-05-15,-0.00215815,-0.00193007,-2.523387,-1.931492,-1.559443
2024-05-16,-0.00627456,-0.00645109,-12.362112,-9.483846,-6.789194
2024-05-17,-0.01514736,-0.00689767,-4.157098,-3.016292,-2.546596
2024-05-20,-0.00740898,-0.00463188,-0.90785,-0.772463,0.102042
2024-05-21,0.01040304,0.00345602,-1.693408,-0.784329,1.946166
2024-05-22,-0.01442826,-0.00533916,4.905506,0.99131,-4.294836
2024-05-23,0.00464634,0.00015468,1.766739,3.66834,2.838339
2024-05-24,0.00254183,0.00727415,-1.53387,-1.85519,-1.064042
2024-05-27,0.01042718,-0.00356498,4.233872,3.558899,3.845732
2024-05-28,-0.01194236,-0.00397328,-6.527613,-4.664667,-3.844363
2024-05-29,0.00507817,0.00700541,-4.804319,-3.313192,-1.472459
2024-05-30,0.00018954,-0.00236760,-8.172462,-9.359819,-9.928194
2024-05-31,-0.02828704,-0.00920860,-5.413261,-9.427796,-11.693039
2024-06-03,-0.00656451,-0.00349653,-2.011126,-2.76151,-3.357796
2024-06-04,-0.00638108,0.00459018,7.146077,6.455439,4.001457
2024-06-05,-0.01241025,-0.01096144,4.579119,2.253599,2.138617
2024-06-06,-0.00881073,-0.01323430,4.776545,5.152943,5.691741
2024-06-07,0.00647264,0.00071696,-6.258905,-4.725156,-2.723399
2024-06-10,-0.00183224,-0.00450353,7.160069,6.486457,7.393957
2024-06-11,-0.00060917,-0.00143143,3.013077,3.81506,2.354041
2024-06-12,-0.00889274,-0.00158761,-3.595544,-0.81868,-0.225524
2024-06-13,0.00987461,-0.00003551,0.397113,-1.608265,-5.348363
2024-06-14,0.00370237,-0.00011904,-1.836332,-0.848472,1.623596
2024-06-17,-0.00003703,-0.00404096,-1.488342,-1.678879,-4.842226
2024-06-18,0.00499803,0.00692874,-3.661483,-3.072404,-4.431497
2024-06-19,0.00254035,0.00195840,-2.355498,-4.236508,-8.264152
2024-06-20,0.00199006,0.00621244,2.756285,4.01998,4.772281
2024-06-21,-0.00388061,-0.00394596,-1.218738,-3.052628,-6.616802
2024-06-24,-0.01064197,-0.00103021,-3.784452,-5.073587,-6.857876
2024-06-25,0.00031792,-0.00365311,-2.927689,-1.933052,-1.433461
2024-06-26,0.00397675,-0.00433107,-0.958746,-0.871765,-2.1641
2024-06-27,-0.00151842,-0.00572939,-2.623607,-0.509131,-0.363535
2024-06-28,0.00924894,0.00227241,9.947363,4.755317,0.975455
2024-07-01,0.00159144,0.00017299,3.832359,3.553186,1.437575
2024-07-02,0.00995421,0.00263070,7.793937,8.954095,10.675309
2024-07-03,0.00499279,-0.00058958,4.625119,4.480773,4.996959
2024-07-04,-0.01226135,-0.01066458,2.800435,0.664889,0.840355
2024-07-05,0.01982720,0.00541055,6.744461,6.911467,8.244787
2024-07-08,0.00071206,-0.00460339,5.94496,9.328749,10.021646
2024-07-09,-0.01261213,-0.00420947,-7.926294,-4.803417,-2.097704
2024-07-10,-0.01092116,-0.00183645,0.669303,-1.64856,-3.310431
2024-07-11,-0.00880243,-0.00899501,6.051451,5.314277,5.120595
2024-07-12,-0.01389395,-0.00422922,-5.013907,0.601633,3.292095
2024-07-15,0.00474500,-0.00412238,-2.228632,-2.841735,-1.671196
2024-07-16,-0.00695098,0.00101112,-2.881111,-5.060447,-5.853421
2024-07-17,-0.00512954,0.00174048,2.062807,2.840138,2.870233
2024-07-18,0.01159656,0.00652325,5.624611,5.292179,6.644245
2024-07-19,0.00861838,0.00061521,-4.440364,-1.703592,2.869546
2024-07-22,-0.01998140,-0.00794415,-3.702906,-2.093512,-0.991848
2024-07-23,0.00456700,-0.00575660,4.501941,1.866644,1.851597
2024-07-24,-0.01100223,-0.00512260,-2.70257,-3.769251,-4.496904
2024-07-25,0.00198722,0.00065344,-5.515764,-4.82004,-4.21497
2024-07-26,-0.01842334,-0.00063790,-10.957799,-12.583396,-15.192137
2024-07-29,-0.01420845,-0.01035010,-9.051125,-5.017403,-1.209389
2024-07-30,-0.01534758,-0.00557282,-4.614187,-6.387353,-4.611005
2024-07-31,0.01095846,0.00115088,5.31166,4.009743,2.664296
2024-08-01,0.00848452,0.00395070,6.636899,7.065658,6.442823
2024-08-02,-0.00431948,0.00782682,3.323936,3.667563,4.21823
2024-08-05,0.00741588,0.00628433,8.042948,8.868446,10.535278
2024-08-06,0.00948744,-0.00344560,-1.946287,-1.758576,-4.469957
2024-08-07,-0.00039432,-0.00308848,-7.409273,-6.885398,-7.813781
2024-08-08,0.00969071,0.00483430,0.295278,-1.817019,-2.812328
2024-08-09,-0.01471376,0.00173907,-5.511062,-4.44157,-4.33671
2024-08-12,0.00244364,0.00904490,0.193086,1.967876,3.253506
2024-08-13,0.01441484,0.00983150,-1.599911,-2.044871,-1.104587
2024-08-14,-0.00661769,-0.00146204,-0.499299,-0.35012,-2.119985
2024-08-15,0.01195344,0.00494191,-1.131508,-2.54463,-4.73973
2024-08-16,0.00591416,0.00025811,1.99376,4.030484,7.405918
2024-08-19,0.01118753,0.00824382,-1.139825,-1.248736,-1.250421
2024-08-20,0.00402464,0.00292020,-4.485574,-5.567573,-6.706212
2024-08-21,0.00212235,-0.00323301,-1.182621,-1.715864,-1.301067
2024-08-22,-0.00249212,0.00785311,-9.168556,-6.572129,-4.771628
2024-08-23,-0.01226107,0.00290380,-6.079194,-5.305558,-4.38547
2024-08-26,0.00658534,0.00904612,3.639029,3.728927,5.183303
2024-08-27,-0.00328357,0.00344098,-6.355591,-5.13439,-4.311435
2024-08-28,0.00890906,-0.00433720,1.442696,-0.079373,-1.199588
2024-08-29,0.01378066,-0.00376949,3.99712,5.519336,6.142108
2024-08-30,0.00872949,-0.00046327,-5.584545,-5.444283,-4.264437
2024-09-02,-0.01220640,-0.00697483,-6.112528,-7.309223,-4.121184
2024-09-03,-0.00659642,-0.00006032,0.852823,0.413912,3.212309
2024-09-04,0.00706605,-0.00029168,4.38517,6.838332,7.960836
2024-09-05,0.00102884,0.00873343,1.282304,3.248746,3.880652
2024-09-06,0.01003986,0.00734252,10.001859,8.028792,6.028415
2024-09-09,0.01177992,0.00704746,-7.354587,-6.01501,-4.478383
2024-09-10,0.00249217,-0.00210396,-0.768803,2.730741,2.108431
2024-09-11,-0.00452801,0.00313669,0.901907,1.079119,1.142623
2024-09-12,-0.01632564,-0.00654790,-2.715752,-1.110975,-1.312456
2024-09-13,-0.01030883,-0.00402060,-1.964597,0.114418,1.694987
2024-09-16,-0.00709940,-0.00024110,-4.353917,-3.550384,-5.204715
2024-09-17,0.00003958,-0.00423008,-4.323542,-5.116129,-5.541374
2024-09-18,-0.00185757,-0.00570484,1.59062,2.07201,1.325684
2024-09-19,0.00551917,0.01485899,-1.988753,-3.904068,-3.474845
2024-09-20,-0.01020103,-0.00138249,-4.970349,-5.022356,-5.904793
2024-09-23,-0.01771714,0.01215203,1.839784,5.231418,5.070698
2024-09-24,-0.00752487,-0.00640413,-1.163982,-0.611312,1.17201
2024-09-25,0.00014943,0.00804809,14.908668,12.993492,8.285222
2024-09-26,-0.01775365,0.00638954,10.868282,10.246981,7.66495
2024-09-27,0.00978009,0.00278003,-2.317607,-3.906737,-4.859863
2024-09-30,-0.01560023,-0.00642784,-0.390326,0.123592,2.238184
2024-10-01,-0.04410225,-0.00833425,1.669606,-0.748182,-2.756844
2024-10-02,0.02150396,0.00654937,4.362809,2.544625,1.196157
2024-10-03,0.02223346,0.00761098,7.77899,4.762463,6.53367
2024-10-04,0.06379494,0.01598743,11.679448,10.191628,8.726364
2024-10-07,0.03448377,-0.00156585,-0.239374,-0.477911,-0.316744
2024-10-08,-0.02820490,-0.00081362,-2.386621,-0.046014,0.721079
2024-10-09,0.01483146,0.01238943,-6.702428,-8.421547,-9.886534
2024-10-10,0.02385586,0.00568079,3.324706,2.055033,3.719164
2024-10-11,0.01352680,0.00881791,6.327721,6.086291,4.484293
2024-10-14,-0.02135450,-0.01579965,-8.375099,-4.059062,-2.273603
2024-10-15,0.01264928,0.00195141,4.48009,6.504365,8.65461
2024-10-16,0.00602662,0.00905692,-13.364394,-12.59285,-9.714216
2024-10-17,-0.00910197,0.00793561,-0.44454,-0.514976,-0.829186
2024-10-18,-0.01482871,-0.00228757,6.515573,6.57569,7.432805
2024-10-21,-0.05929183,-0.02909637,-10.953924,-11.963001,-15.835168
2024-10-22,0.01191330,0.01199997,2.584706,2.324213,2.689312
2024-10-23,-0.00414278,0.00235111,-1.205715,-4.925008,-6.241039
2024-10-24,-0.00102548,-0.00201277,-8.728986,-9.193063,-10.716754
2024-10-25,0.02524907,-0.00212980,6.411898,3.327394,1.206758
2024-10-28,0.01432555,-0.01586069,-13.5015,-12.009909,-11.369542
2024-10-29,0.00006782,0.00196492,1.737345,1.590704,1.163761
2024-10-30,-0.01752710,-0.01660612,-4.620699,-3.558689,-4.245431
2024-10-31,0.00449733,-0.00035515,-12.733906,-12.17829,-11.85341
2024-11-01,0.00532927,-0.00352542,-17.112231,-14.086148,-9.461735
2024-11-04,0.01575530,-0.00998898,14.541915,14.703171,16.226017
2024-11-05,0.00688039,-0.01057769,-7.743508,-8.177116,-9.831458
2024-11-06,0.03175226,-0.00005542,10.425064,11.128364,11.89122
2024-11-07,0.00448675,0.00261726,6.712975,5.026911,5.263555
2024-11-08,0.04464612,-0.01682408,13.174214,12.896376,12.819816
2024-11-11,-0.00559596,-0.00314322,-9.882323,-7.55239,-4.139651
2024-11-12,0.00041662,-0.00970366,-4.346045,-4.673325,-6.105515
2024-11-13,0.02714543,0.00009867,12.343314,10.250249,7.150146
2024-11-14,0.01360706,0.01446419,5.613543,7.947478,10.217859
2024-11-15,-0.02074520,-0.01021901,1.579385,4.427364,3.456441
2024-11-18,0.02301988,-0.01524831,1.0981,2.912243,4.100544
2024-11-19,0.00085001,-0.00179525,-12.931641,-13.535816,-15.717243
2024-11-20,-0.00100219,-0.01364414,-2.26716,-3.710425,-4.65296
2024-11-21,-0.02194143,-0.00725376,-9.669113,-10.161045,-12.046503
2024-11-22,0.02566230,0.00154849,11.368009,11.060628,9.396373
2024-11-25,0.02537278,0.01189764,-9.679972,-7.29843,-3.31072
2024-11-26,-0.00331965,0.00495760,0.798639,0.909654,1.768133
2024-11-27,-0.01330559,-0.00314188,3.129619,4.266653,4.956203
2024-11-28,0.04790362,0.02227567,7.788286,6.680512,4.647636
2024-11-29,0.01296239,0.01515751,-5.822905,-5.966705,-8.538891
2024-12-02,-0.02084613,0.00290799,-22.844876,-21.875716,-20.948404
2024-12-03,0.02131528,0.00246112,6.155386,3.390194,2.383894
2024-12-04,0.03150690,0.00122377,12.026235,10.504889,10.908537
2024-12-05,0.01463435,-0.00173881,-10.265061,-8.308128,-4.609225
2024-12-06,-0.02066237,-0.01532572,-21.311857,-22.296902,-21.896561
2024-12-09,-0.03564791,-0.01744981,-23.272102,-21.841673,-21.711852
2024-12-10,-0.02283728,-0.00521360,3.774699,2.267493,1.889127
2024-12-11,0.00986676,-0.00833089,0.753444,1.016772,1.067796
2024-12-12,-0.01913407,-0.00489940,1.16649,2.356188,5.38483
2024-12-13,0.01548315,0.01347579,-22.319358,-21.533746,-23.339002
2024-12-16,-0.00963055,-0.00681965,14.420647,16.05211,17.223077
2024-12-17,0.00070972,-0.00775495,8.417336,5.021744,2.484318
2024-12-18,0.01743021,0.01552925,-0.030602,-2.243556,-4.138182
2024-12-19,0.01585548,-0.00294832,5.819913,8.597936,7.920485
2024-12-20,-0.00401931,-0.01924765,0.924478,2.60716,2.417978
2024-12-23,-0.01077464,-0.01389650,5.47602,7.326639,5.748176
2024-12-24,0.02547377,0.00866472,-0.412889,-0.758594,-0.557173
2024-12-25,-0.02257374,-0.00099994,-0.632501,-0.644471,0.216249
2024-12-26,0.02265020,0.01639540,15.22339,17.408171,14.894438
2024-12-27,0.00428660,0.01285402,-10.742195,-9.726844,-7.617447
2024-12-30,-0.02567187,0.00076537,-7.552248,-6.848176,-8.944622
2024-12-31,0.00893244,0.00195953,13.807724,14.733457,15.19355
2025-01-01,-0.03331337,-0.00603877,-5.586581,-8.247655,-11.041101
2025-01-02,-0.00679206,-0.00380625,9.287431,9.808981,11.069931
2025-01-03,-0.02827978,-0.01679048,-2.403864,-1.57858,-0.372248
2025-01-06,0.03380787,-0.00498004,7.146516,8.273715,9.468234
2025-01-07,0.02152196,-0.01317924,24.79224,23.118902,21.361176
2025-01-08,0.01803086,0.00564495,8.262164,7.246991,6.081212
2025-01-09,0.00694790,-0.00469207,5.248098,5.582491,5.192414
2025-01-10,0.02808760,0.02397652,-6.285016,-5.779908,-5.418148
2025-01-13,0.01695456,0.00379222,-0.477499,-1.03526,-4.086967
2025-01-14,0.01576845,0.00273760,1.842235,0.180828,-0.581749
2025-01-15,-0.00427615,-0.00404436,4.979952,4.496741,3.917794
2025-01-16,0.00004192,-0.00106257,2.072892,2.485909,2.749744
2025-01-17,-0.00938075,-0.00975736,-5.001393,-8.993521,-10.538271
2025-01-20,-0.01282785,-0.00658389,-10.615929,-9.339254,-9.588233
2025-01-21,0.00345236,-0.00338263,1.360882,0.26359,0.326836
2025-01-22,-0.01104821,-0.00948454,-4.180701,-7.139102,-8.831871
2025-01-23,-0.01344465,-0.01011275,0.905296,0.69762,0.580448
2025-01-24,0.00034047,0.01218301,-1.308427,-3.22294,-4.184795
2025-01-27,-0.01961621,-0.00616107,-3.604099,-3.488214,-1.843905
2025-01-28,-0.00833243,-0.00114990,1.37133,-1.700966,-1.618934
2025-01-29,-0.01160796,-0.00072642,-1.346087,-0.091739,0.906963
2025-01-30,0.01455417,0.01062590,0.720621,-0.258853,-0.972483
2025-01-31,-0.00201499,0.00212344,-10.408641,-8.681898,-8.162739
2025-02-03,-0.00074749,0.00446223,-4.117242,-5.036344,-4.150278
2025-02-04,-0.00503791,-0.00159258,5.052787,3.777737,2.212671
2025-02-05,0.00840354,0.00424164,5.679926,5.87071,3.43666
2025-02-06,-0.01120248,-0.00247130,2.772851,1.153707,1.376393
2025-02-07,0.02217487,0.00876128,4.099574,6.996763,8.217498
2025-02-10,-0.00826382,-0.00142864,-2.62687,-3.214334,-4.087976
2025-02-11,-0.01272524,-0.00346910,-4.612126,-7.591598,-10.602274
2025-02-12,-0.00070658,0.00539084,1.020648,1.800466,0.486542
2025-02-13,-0.00425371,-0.00172402,5.499802,3.029837,-0.97327
2025-02-14,-0.00198413,-0.01082367,-0.540304,0.805893,2.077868
2025-02-17,0.00087993,-0.00448330,-2.593391,-5.032796,-2.885499
2025-02-18,-0.02060691,-0.01410466,-5.992584,-7.152951,-5.541402
2025-02-19,0.00972135,-0.00623505,1.52964,1.063962,-0.202914
2025-02-20,-0.00725877,-0.00465823,0.250913,1.879192,3.849571
2025-02-21,-0.00294340,-0.00134443,-3.371912,-1.781401,-1.075608
2025-02-24,-0.01854744,-0.00703988,-6.275759,-3.722321,-0.932447
2025-02-25,0.03264157,0.00510633,3.343084,4.886938,6.554958
2025-02-26,0.01102325,0.00373790,4.784096,0.303412,-2.234478
2025-02-27,-0.00946528,-0.00532366,6.56592,4.992597,3.934668
2025-02-28,0.00427885,-0.00058415,4.170724,6.656895,7.521894
2025-03-03,0.00014836,0.00341304,3.306586,2.875903,1.971438
2025-03-04,-0.01184108,-0.00745209,-3.269757,-1.404547,0.542715
2025-03-05,-0.00804907,0.00421646,-2.031762,-2.293564,-6.78524
2025-03-06,0.01771235,0.00370869,13.649573,14.638247,16.185809
2025-03-07,-0.00910548,0.00593389,-6.003512,-5.426628,-6.087452
2025-03-10,-0.01677216,-0.00667626,-3.088757,-4.042705,-5.917473
2025-03-11,0.01939995,0.00988330,2.737979,-0.062476,-4.858095
2025-03-12,0.01459688,0.00561086,0.511056,0.933098,3.241426
2025-03-13,-0.01677586,-0.00492192,-4.318659,-4.442546,-2.630069
2025-03-14,-0.02822541,-0.00467312,-5.435553,-3.296112,-1.144385
2025-03-17,-0.01847714,-0.00797989,-8.219922,-9.309637,-11.264064
2025-03-18,-0.00567100,-0.00611358,-1.60492,-2.47533,-3.2691
2025-03-19,-0.01093643,-0.00489588,-0.875207,-1.340824,-0.397603
2025-03-20,-0.00102481,0.00201900,-3.33661,-1.541469,0.842288
2025-03-21,-0.00154702,0.00012931,1.982813,5.848298,5.153943
2025-03-24,0.00992938,-0.00507979,5.693237,8.015879,9.086641
2025-03-25,0.01029195,-0.00255766,10.939981,9.573849,8.793399
2025-03-26,-0.00020058,0.00212449,-2.74443,-2.5463,-0.59789
2025-03-27,0.00586991,0.00786276,-0.285161,-2.99722,-3.658531
2025-03-28,-0.00927349,0.00297626,-1.165595,-3.718249,-3.505999
2025-03-31,0.02163782,0.00879507,-0.390816,3.446502,3.59067
2025-04-01,0.00257046,-0.00422584,-2.141243,-5.303745,-11.220583
2025-04-02,-0.01310248,-0.00509587,-3.894196,-4.719296,-5.45474
2025-04-03,0.00045744,0.00218225,6.331462,4.628174,5.279578
2025-04-04,0.02933369,0.01057892,5.233047,5.45489,3.188353
2025-04-07,0.00470853,-0.00085755,5.590125,7.198579,9.626623
2025-04-08,0.00944784,-0.00149092,10.244234,9.713522,7.798452
2025-04-09,-0.00067359,-0.00236108,-1.374532,1.87933,5.613802
2025-04-10,-0.00947768,-0.00333636,8.983194,7.26136,4.010426
2025-04-11,0.01922502,0.00329979,0.155388,1.589186,2.205156
2025-04-14,0.00891853,-0.00250149,0.001792,1.470862,1.332592
2025-04-15,-0.00776902,-0.00513035,-1.386237,-2.508937,0.960643
2025-04-16,0.00111875,-0.00257044,-11.089051,-9.454324,-8.874251
2025-04-17,-0.00183343,-0.00541871,-1.237502,-3.025187,-4.09752
2025-04-18,-0.00956855,0.00522654,-3.129936,-1.85935,0.230606
2025-04-21,-0.01523269,0.00138918,-6.024428,-5.79429,-2.05562
2025-04-22,0.00382904,-0.00141742,-1.663931,-0.488287,2.157945
2025-04-23,0.00029588,-0.01089915,-3.24075,-0.090956,2.38422
2025-04-24,-0.00772362,0.00466582,-11.464849,-10.680754,-8.944585
2025-04-25,0.00919913,0.00608101,-2.887755,-1.510344,-0.915757
2025-04-28,0.02708512,0.01261799,0.618049,2.458729,3.568853
2025-04-29,0.00413756,-0.00462329,-0.684784,-0.90822,0.004512
2025-04-30,-0.00596518,-0.01296869,-4.764009,-2.15902,-1.013903
2025-05-01,0.00598508,0.00362238,-2.50415,1.03108,1.730416
2025-05-02,-0.00446150,-0.00933449,10.626809,14.14154,14.680737
2025-05-05,-0.01011365,0.00945969,-1.744591,2.840754,4.359203
2025-05-06,-0.01076661,-0.00706619,7.507607,5.374869,4.985653
2025-05-07,0.01437704,0.01438341,4.167276,3.500662,1.684744
2025-05-08,0.01975184,0.01913347,0.562661,2.167907,0.735777
2025-05-09,-0.01221575,0.00622912,-3.843773,-3.346251,-3.475449
2025-05-12,-0.00793261,-0.00118381,-1.213523,-4.149694,-7.497771
2025-05-13,0.00512735,-0.00259727,4.173452,3.205176,1.121136
2025-05-14,0.00231583,0.00801219,-0.863258,2.965332,7.38766
2025-05-15,0.00375977,0.00096249,-3.643911,-5.333408,-6.320261
2025-05-16,-0.00667653,-0.00992860,6.792209,5.585992,2.596695
2025-05-19,0.00630706,0.00775962,-2.66633,-2.946754,-4.683304
2025-05-20,0.00863278,0.00445260,3.723641,2.965145,1.334987
2025-05-21,-0.00355568,-0.00109033,3.301688,2.604233,1.432788
2025-05-22,0.00819324,-0.01057795,1.41051,1.642809,2.041492
2025-05-23,-0.00550023,0.00597856,7.719236,6.218322,3.883566
2025-05-26,0.00130004,-0.00141487,0.423865,1.712445,-1.139971
2025-05-27,0.00708617,-0.00331906,4.144113,5.040198,3.589471
2025-05-28,0.00742815,-0.00312020,5.941577,7.843586,7.801093
2025-05-29,-0.00190525,0.00314666,2.465077,2.646389,0.959641
2025-05-30,-0.00447589,-0.00337076,-3.297622,-4.779822,-3.142616
2025-06-02,0.00438756,0.00086599,3.882769,3.019215,1.520233
2025-06-03,-0.01485646,-0.00022644,-3.747215,-7.924009,-11.519563
2025-06-04,-0.01328197,-0.00485671,-1.846099,-2.355382,-1.001041
2025-06-05,-0.00647451,0.00687619,0.054002,-0.609885,-2.22263
2025-06-06,0.00332698,-0.00664482,-0.500728,-1.270553,-1.004998
2025-06-09,0.00578462,0.00431748,9.0942,6.125494,3.185084
2025-06-10,0.01297550,-0.00360149,0.005231,4.667397,8.947969
2025-06-11,-0.00034445,0.00349268,0.299402,2.37292,4.24461
2025-06-12,-0.00527384,0.00059666,-1.6436,-0.715583,-0.898994
2025-06-13,0.01413422,0.00640982,5.700076,6.899759,8.432246
2025-06-16,0.00450845,-0.00451424,-1.25197,-4.288192,-6.390672
2025-06-17,-0.00086040,0.00174713,3.731185,3.049503,5.275647
2025-06-18,0.00632206,-0.00590553,-6.987985,-6.520925,-4.281635
2025-06-19,0.01246872,-0.00376873,2.51084,1.656868,1.65695
2025-06-20,0.00985384,0.01696274,4.52168,2.403882,1.329316
2025-06-23,0.01390000,0.00236945,4.36269,4.062003,3.757588
2025-06-24,0.00270525,-0.00661324,0.261854,0.903339,-0.256542
2025-06-25,0.01035274,-0.01145473,2.694868,3.116179,3.488938
2025-06-26,-0.00684076,0.00331564,-4.535065,-5.493836,-5.465705
2025-06-27,-0.00033461,-0.00806774,4.844209,6.114421,8.366231
2025-06-30,-0.07168365,-0.02396557,-13.435444,-14.861643,-17.26385
2025-07-01,-0.01149496,-0.00644570,-5.265668,-4.790034,-3.708904
2025-07-02,0.00608261,-0.00658628,5.551582,6.930633,6.669238
2025-07-03,-0.00304854,-0.00031597,-0.620151,-1.069117,-0.414761
2025-07-04,0.00931581,-0.00081588,3.166974,2.680052,1.244672
2025-07-07,-0.01208083,-0.00463529,-12.197584,-10.566226,-8.672374
2025-07-08,0.00030851,-0.00185282,3.308779,4.676709,5.044385
2025-07-09,0.02571075,0.00339254,4.161149,4.824042,4.445351
2025-07-10,0.00433655,0.00199603,-1.126653,-3.346216,-6.085997
2025-07-11,-0.02255507,-0.00482685,-2.46993,-1.318115,0.29839
2025-07-14,0.00246628,-0.00584235,0.327838,1.282097,1.907724
2025-07-15,-0.00973484,0.00022643,6.631765,6.335682,3.871573
2025-07-16,-0.00641990,0.00054540,-1.260927,0.595227,2.661599
2025-07-17,0.02164933,0.00694205,5.966069,9.831608,11.845027
2025-07-18,-0.00479104,-0.00163071,11.852613,6.169575,2.403855
2025-07-21,-0.00942563,-0.00648826,-9.92621,-8.005893,-4.538056
2025-07-22,-0.00385494,0.00365571,0.069485,2.088521,5.362787
2025-07-23,0.01281177,0.00703514,3.860571,3.135903,2.120499
2025-07-24,0.02500247,0.01366270,10.008154,9.717997,7.221714
2025-07-25,-0.01646702,-0.00753217,-8.066805,-5.611427,-4.651939
2025-07-28,-0.02929738,0.00026966,-3.219137,-3.408706,-6.825895
2025-07-29,-0.00573849,-0.00560856,0.552884,0.861516,-0.935172
2025-07-30,-0.00525900,-0.00720820,-1.229895,-0.572607,1.830773
2025-07-31,0.01306436,0.00454625,-4.737362,-6.955181,-7.835338
2025-08-01,-0.00525630,0.00258052,4.066179,6.283727,7.370197
2025-08-04,-0.02277575,-0.01021718,-11.179994,-16.730754,-18.958212
2025-08-05,-0.00537449,-0.00110434,-2.890522,-2.764138,-0.819446
2025-08-06,0.00755956,-0.00731874,-6.808957,-4.349981,-2.790575
2025-08-07,0.00292708,0.00011429,-3.446139,-0.410215,1.207155
2025-08-08,-0.00691013,0.00582796,-2.347807,-3.506214,-1.778391
2025-08-11,-0.01770597,-0.00085017,-7.409149,-9.428057,-10.113707
2025-08-12,0.01739149,-0.00239506,3.618126,2.68687,0.800664
2025-08-13,-0.02186232,-0.01124957,-2.704437,-4.78974,-2.955161
2025-08-14,0.02408137,0.00657045,18.011672,15.493753,11.765076
2025-08-15,0.00549008,0.00692263,-4.283817,-0.32728,5.164449
2025-08-18,0.00011622,0.00679434,0.071884,-1.823829,0.486044
2025-08-19,0.00703801,-0.00661869,10.05124,11.131462,11.632322
2025-08-20,-0.00596141,0.00281994,-8.19097,-4.730202,-2.166514
2025-08-21,-0.00527949,-0.00707892,0.982832,0.64666,2.463794
2025-08-22,-0.00088775,0.00795599,8.540227,9.913775,11.755367
2025-08-25,-0.02051385,-0.00056457,-1.086677,-1.464051,-3.146173
2025-08-26,-0.00527748,0.00207642,-5.116204,-3.912806,-6.778848
2025-08-27,0.00125908,-0.00053819,1.518134,2.914323,3.858036
2025-08-28,0.02579282,0.00334792,3.023718,-0.594739,-1.923626
2025-08-29,0.00581374,-0.00560635,3.713764,5.189073,4.931454
2025-09-01,0.01442044,0.00327528,-2.353533,-5.487182,-5.580283
2025-09-02,-0.00322729,0.00489869,-3.594661,-2.159218,-4.002069
2025-09-03,-0.02566758,-0.01038145,-6.187114,-9.050884,-9.778142
2025-09-04,0.00977387,0.00606459,10.667959,7.508215,6.785423
2025-09-05,0.01549814,0.00430621,-8.177966,-6.900706,-6.261882
2025-09-08,-0.01506337,-0.00223423,-4.436651,-6.383891,-4.470171
2025-09-09,0.00119087,-0.00965662,4.634828,5.513262,8.125454
2025-09-10,-0.00904310,-0.01028330,-7.755134,-8.068952,-8.913482
2025-09-11,0.01121357,0.01029752,1.148045,1.767667,4.516843
2025-09-12,0.01318727,-0.00188507,2.160258,1.178006,3.19392
2025-09-15,-0.04894029,-0.02151764,-19.356097,-18.321924,-18.901163
2025-09-16,-0.01250451,0.00345162,-3.676086,-2.032043,0.17116
2025-09-17,0.00072870,0.00058823,6.742957,5.437466,4.487335
2025-09-18,-0.00454094,0.00803910,9.914973,10.436499,12.869795
2025-09-19,0.00231598,-0.00755288,-1.92323,-2.286926,-4.778894
2025-09-22,0.00456493,0.00333840,0.418799,0.034754,-1.112975
2025-09-23,0.00370345,0.00651874,3.122874,2.769421,2.095776
2025-09-24,0.00360642,-0.00306719,-2.947636,-2.117102,-2.30648
2025-09-25,0.00656440,0.00504953,-4.105535,-3.547821,-3.208401
2025-09-26,0.00800613,-0.00212163,-0.60172,2.495547,3.063542
2025-09-29,-0.01938973,-0.01257050,-6.133874,-8.948566,-11.087166
2025-09-30,0.00044338,-0.00453663,-1.569685,-1.193367,-2.304219
2025-10-01,0.00974866,0.00241945,1.670417,2.561141,2.983955
2025-10-02,0.00628928,-0.00661883,7.012469,5.017029,4.548071
2025-10-03,0.00792348,-0.00220522,-9.095867,-7.972366,-4.357845
2025-10-06,0.01128360,0.00585407,3.715311,5.165996,6.554273
2025-10-07,0.00215293,-0.00724879,6.76631,7.250638,6.678818
2025-10-08,-0.00320671,0.00941354,4.184914,-1.300254,-4.979394
2025-10-09,0.01144205,-0.00124035,5.881533,8.036087,7.570515
2025-10-10,0.02489628,0.00059453,5.333945,5.214875,7.910977
2025-10-13,0.02594895,0.00151990,-0.419206,-0.68157,-3.04153
2025-10-14,-0.00242401,0.00205105,-3.529437,-5.329409,-6.230345
2025-10-15,0.00319439,0.01016094,-1.876735,1.766037,4.005361
2025-10-16,-0.01782366,-0.00820818,3.177856,3.748563,2.58374
2025-10-17,0.01623380,0.01516317,12.320924,10.338422,10.674658
2025-10-20,-0.00194566,0.00116334,-7.624067,-6.335529,-3.607325
2025-10-21,-0.00043705,0.00354430,-6.730196,-8.690704,-9.348922
2025-10-22,-0.00999946,0.00251912,3.865685,4.229896,5.421683
2025-10-23,-0.00294471,-0.00191618,-1.418209,-1.052062,0.618339
2025-10-24,-0.00488133,-0.00582447,14.813957,13.499211,11.241265
2025-10-27,0.00075871,-0.00178335,4.498126,3.460375,4.646468
2025-10-28,-0.00676397,0.00438882,-8.276009,-9.298983,-6.200071
2025-10-29,0.00798203,-0.00576397,5.382824,3.464266,1.69459
2025-10-30,0.00568941,-0.00043136,3.476788,2.684532,1.105284
2025-10-31,-0.01499415,-0.00779606,-3.46036,-2.826193,-2.556746
2025-11-03,0.00103038,-0.00149070,-1.451438,-0.007985,2.341638
2025-11-04,0.00985226,0.00485049,0.725538,-0.873147,2.2081
2025-11-05,0.00475243,-0.00377429,6.254338,6.821189,4.49283
2025-11-06,-0.00364835,-0.00009560,1.468935,3.798474,5.447797
2025-11-07,0.01253386,0.00059111,5.538575,6.979829,5.671831
2025-11-10,0.00983562,0.00698430,-0.50715,-0.123524,1.711822
2025-11-11,0.02054141,0.01608192,8.922491,9.105319,8.316917
2025-11-12,-0.01691740,-0.00521068,-3.936682,-7.675296,-7.20502
2025-11-13,-0.00425320,-0.00284127,0.742763,0.234045,1.008107
2025-11-14,0.01231718,0.00483264,6.137628,5.583894,7.149646
